customer_id,merchant_id,payment_success_rate,payment_failure_rate,avg_payment_delay,subscription_age_months,lifetime_value,avg_order_value,days_since_last_activity,history_payment_count
cust_syn_0001,acc_syn_training,0.3750,0.6250,66.76,0,6492.42,2164.14,35,8
cust_syn_0002,acc_syn_training,0.8519,0.1481,64.36,0,100635.81,4375.47,35,27
cust_syn_0003,acc_syn_training,0.6452,0.3548,16.72,0,16043.40,802.17,25,31
cust_syn_0004,acc_syn_training,0.8571,0.1429,14.79,0,20254.80,843.95,0,28
cust_syn_0005,acc_syn_training,0.7500,0.2500,55.20,0,54051.84,2252.16,25,32
cust_syn_0006,acc_syn_training,0.5926,0.4074,20.62,0,7964.64,497.79,13,27
cust_syn_0007,acc_syn_training,0.5000,0.5000,12.03,0,33200.30,3320.03,40,20
cust_syn_0008,acc_syn_training,0.5909,0.4091,65.46,1,56394.91,4338.07,31,22
cust_syn_0009,acc_syn_training,0.6667,0.3333,41.91,0,15540.56,1110.04,24,21
cust_syn_0010,acc_syn_training,0.5455,0.4545,35.82,0,2561.16,426.86,14,11
cust_syn_0011,acc_syn_training,0.8214,0.1786,56.47,0,99449.24,4323.88,2,28
cust_syn_0012,acc_syn_training,0.7143,0.2857,59.58,0,1709.25,341.85,40,7
cust_syn_0013,acc_syn_training,0.5652,0.4348,3.17,0,53859.65,4143.05,6,23
cust_syn_0014,acc_syn_training,0.7083,0.2917,3.71,0,16142.86,949.58,19,24
cust_syn_0015,acc_syn_training,0.6316,0.3684,53.90,0,44113.20,1838.05,17,38
cust_syn_0016,acc_syn_training,0.2857,0.7143,69.99,0,14215.88,3553.97,22,14
cust_syn_0017,acc_syn_training,0.6500,0.3500,51.65,0,14287.65,1099.05,3,20
cust_syn_0018,acc_syn_training,0.5667,0.4333,2.28,1,71067.48,4180.44,24,30
cust_syn_0019,acc_syn_training,0.5000,0.5000,8.30,0,17926.20,3585.24,12,10
cust_syn_0020,acc_syn_training,0.5882,0.4118,32.95,0,78736.80,3936.84,11,34
cust_syn_0021,acc_syn_training,0.2143,0.7857,12.34,0,2584.38,861.46,7,14
cust_syn_0022,acc_syn_training,0.6429,0.3571,36.57,0,14413.14,1601.46,39,14
cust_syn_0023,acc_syn_training,0.3438,0.6563,60.09,0,27235.45,2475.95,4,32
cust_syn_0024,acc_syn_training,0.5000,0.5000,38.83,0,2465.55,821.85,23,6
cust_syn_0025,acc_syn_training,0.2632,0.7368,23.92,0,18119.30,1811.93,19,38
cust_syn_0026,acc_syn_training,0.3333,0.6667,38.59,1,22012.02,3668.67,28,18
cust_syn_0027,acc_syn_training,0.5714,0.4286,10.32,0,2436.40,609.10,43,7
cust_syn_0028,acc_syn_training,0.4737,0.5263,40.89,0,17603.82,977.99,25,38
cust_syn_0029,acc_syn_training,0.6190,0.3810,48.49,0,26378.17,2029.09,32,21
cust_syn_0030,acc_syn_training,0.6250,0.3750,52.67,0,18791.10,1879.11,24,16
cust_syn_0031,acc_syn_training,0.6579,0.3421,42.56,0,73939.00,2957.56,1,38
cust_syn_0032,acc_syn_training,0.8621,0.1379,71.79,0,18000.00,720.00,39,29
cust_syn_0033,acc_syn_training,0.6786,0.3214,65.61,0,67473.94,3551.26,13,28
cust_syn_0034,acc_syn_training,0.4815,0.5185,55.71,0,54510.69,4193.13,31,27
cust_syn_0035,acc_syn_training,0.6364,0.3636,51.26,0,22479.03,1070.43,23,33
cust_syn_0036,acc_syn_training,0.6410,0.3590,33.29,1,110378.00,4415.12,35,39
cust_syn_0037,acc_syn_training,0.4615,0.5385,29.39,1,5285.22,880.87,41,13
cust_syn_0038,acc_syn_training,0.7619,0.2381,42.56,0,18798.72,1174.92,14,21
cust_syn_0039,acc_syn_training,0.4595,0.5405,39.76,0,27096.47,1593.91,8,37
cust_syn_0040,acc_syn_training,0.6000,0.4000,60.37,0,19037.04,1586.42,22,20
cust_syn_0041,acc_syn_training,0.6667,0.3333,61.74,1,1249.60,312.40,18,6
cust_syn_0042,acc_syn_training,0.8889,0.1111,28.23,0,51967.68,3247.98,28,18
cust_syn_0043,acc_syn_training,0.6250,0.3750,32.55,0,44588.70,4458.87,37,16
cust_syn_0044,acc_syn_training,0.7222,0.2778,35.55,0,19386.25,1491.25,26,18
cust_syn_0045,acc_syn_training,0.6667,0.3333,24.70,0,36161.80,1808.09,41,30
cust_syn_0046,acc_syn_training,0.4412,0.5588,8.01,0,37627.50,2508.50,17,34
cust_syn_0047,acc_syn_training,0.5128,0.4872,20.38,0,55870.60,2793.53,7,39
cust_syn_0048,acc_syn_training,0.4828,0.5172,8.66,0,55074.74,3933.91,32,29
cust_syn_0049,acc_syn_training,0.4848,0.5152,70.42,1,71016.80,4438.55,10,33
cust_syn_0050,acc_syn_training,0.6842,0.3158,48.78,0,9287.85,714.45,32,19
cust_syn_0051,acc_syn_training,0.4444,0.5556,2.62,0,29246.04,2437.17,34,27
cust_syn_0052,acc_syn_training,0.7368,0.2632,63.89,0,19852.14,1418.01,8,19
cust_syn_0053,acc_syn_training,0.6071,0.3929,43.06,1,76325.24,4489.72,2,28
cust_syn_0054,acc_syn_training,0.6111,0.3889,30.56,0,18798.89,1708.99,43,18
cust_syn_0055,acc_syn_training,0.5526,0.4474,21.91,0,57974.07,2760.67,38,38
cust_syn_0056,acc_syn_training,0.4615,0.5385,58.75,0,18702.24,3117.04,40,13
cust_syn_0057,acc_syn_training,0.3571,0.6429,3.44,0,21645.20,4329.04,2,14
cust_syn_0058,acc_syn_training,0.5385,0.4615,22.10,0,7908.88,1129.84,17,13
cust_syn_0059,acc_syn_training,0.7692,0.2308,19.11,0,35674.70,3567.47,10,13
cust_syn_0060,acc_syn_training,0.5000,0.5000,3.89,0,7115.44,889.43,6,16
cust_syn_0061,acc_syn_training,0.6000,0.4000,61.52,0,11580.30,3860.10,23,5
cust_syn_0062,acc_syn_training,0.8077,0.1923,23.27,0,77824.53,3705.93,35,26
cust_syn_0063,acc_syn_training,0.6250,0.3750,53.31,0,16660.15,3332.03,37,8
cust_syn_0064,acc_syn_training,0.6875,0.3125,71.51,0,3525.06,320.46,26,16
cust_syn_0065,acc_syn_training,0.6667,0.3333,1.80,0,36844.68,3070.39,2,18
cust_syn_0066,acc_syn_training,0.7200,0.2800,70.81,1,62519.22,3473.29,18,25
cust_syn_0067,acc_syn_training,0.5676,0.4324,13.26,0,18581.64,884.84,30,37
cust_syn_0068,acc_syn_training,0.8182,0.1818,7.98,1,24049.98,2672.22,40,11
cust_syn_0069,acc_syn_training,0.3448,0.6552,23.32,0,40221.80,4022.18,15,29
cust_syn_0070,acc_syn_training,0.5769,0.4231,49.45,0,14133.00,942.20,15,26
cust_syn_0071,acc_syn_training,0.6000,0.4000,3.73,1,6722.31,2240.77,0,5
cust_syn_0072,acc_syn_training,0.9048,0.0952,70.74,0,84253.98,4434.42,42,21
cust_syn_0073,acc_syn_training,0.7200,0.2800,61.41,0,23874.12,1326.34,16,25
cust_syn_0074,acc_syn_training,0.7600,0.2400,7.68,0,77111.88,4058.52,11,25
cust_syn_0075,acc_syn_training,0.4545,0.5455,12.03,0,6528.65,1305.73,1,11
cust_syn_0076,acc_syn_training,0.6757,0.3243,34.97,0,107426.50,4297.06,42,37
cust_syn_0077,acc_syn_training,0.7000,0.3000,38.53,0,15584.17,2226.31,29,10
cust_syn_0078,acc_syn_training,0.1818,0.8182,57.24,0,6882.12,3441.06,9,11
cust_syn_0079,acc_syn_training,0.5000,0.5000,28.59,0,5384.34,897.39,6,12
cust_syn_0080,acc_syn_training,0.3784,0.6216,60.99,0,43846.60,3131.90,1,37
cust_syn_0081,acc_syn_training,0.5897,0.4103,40.67,0,77939.41,3388.67,6,39
cust_syn_0082,acc_syn_training,0.5333,0.4667,47.37,1,49389.28,3086.83,29,30
cust_syn_0083,acc_syn_training,0.5333,0.4667,48.74,0,6714.24,839.28,41,15
cust_syn_0084,acc_syn_training,0.9167,0.0833,29.10,0,11507.76,348.72,39,36
cust_syn_0085,acc_syn_training,0.4737,0.5263,66.56,0,23181.66,1287.87,14,38
cust_syn_0086,acc_syn_training,0.7059,0.2941,42.40,0,32296.56,1345.69,18,34
cust_syn_0087,acc_syn_training,0.6667,0.3333,28.39,0,35409.30,3540.93,20,15
cust_syn_0088,acc_syn_training,0.3590,0.6410,63.77,0,19602.66,1400.19,29,39
cust_syn_0089,acc_syn_training,0.5000,0.5000,7.31,0,44975.40,4497.54,30,20
cust_syn_0090,acc_syn_training,0.6000,0.4000,30.29,0,67324.14,3740.23,14,30
cust_syn_0091,acc_syn_training,0.6154,0.3846,0.54,0,4295.60,536.95,3,13
cust_syn_0092,acc_syn_training,0.6500,0.3500,7.13,0,48510.80,3731.60,17,20
cust_syn_0093,acc_syn_training,0.6667,0.3333,6.65,0,55101.44,3443.84,15,24
cust_syn_0094,acc_syn_training,0.7273,0.2727,62.91,0,35170.24,4396.28,8,11
cust_syn_0095,acc_syn_training,0.8077,0.1923,35.26,0,9664.20,460.20,27,26
cust_syn_0096,acc_syn_training,0.7857,0.2143,5.22,1,34383.47,3125.77,0,14
cust_syn_0097,acc_syn_training,0.6000,0.4000,14.48,1,3493.53,1164.51,13,5
cust_syn_0098,acc_syn_training,0.8929,0.1071,26.05,0,12122.50,484.90,11,28
cust_syn_0099,acc_syn_training,0.7027,0.2973,59.12,0,100688.12,3872.62,31,37
cust_syn_0100,acc_syn_training,0.6522,0.3478,35.80,0,35538.30,2369.22,43,23
cust_syn_0101,acc_syn_training,0.6579,0.3421,31.35,0,44359.00,1774.36,36,38
cust_syn_0102,acc_syn_training,0.6296,0.3704,25.22,0,27421.68,1613.04,17,27
cust_syn_0103,acc_syn_training,0.5652,0.4348,48.33,0,54494.70,4191.90,44,23
cust_syn_0104,acc_syn_training,0.6667,0.3333,61.43,0,13638.80,3409.70,22,6
cust_syn_0105,acc_syn_training,0.8333,0.1667,38.86,0,35433.60,3543.36,10,12
cust_syn_0106,acc_syn_training,0.6316,0.3684,43.92,0,106178.64,4424.11,19,38
cust_syn_0107,acc_syn_training,0.4865,0.5135,49.84,0,44314.92,2461.94,26,37
cust_syn_0108,acc_syn_training,0.8000,0.2000,7.42,0,13700.80,1712.60,42,10
cust_syn_0109,acc_syn_training,0.6364,0.3636,71.54,0,2817.99,402.57,21,11
cust_syn_0110,acc_syn_training,0.5526,0.4474,38.75,0,19151.37,911.97,41,38
cust_syn_0111,acc_syn_training,0.4857,0.5143,51.11,0,11062.24,650.72,24,35
cust_syn_0112,acc_syn_training,0.8824,0.1176,35.03,0,97366.80,3245.56,20,34
cust_syn_0113,acc_syn_training,0.2571,0.7429,15.22,0,3595.50,399.50,12,35
cust_syn_0114,acc_syn_training,0.6154,0.3846,65.74,0,63994.08,2666.42,24,39
cust_syn_0115,acc_syn_training,0.4286,0.5714,27.55,0,25329.96,2110.83,14,28
cust_syn_0116,acc_syn_training,0.4194,0.5806,13.94,1,55001.05,4230.85,4,31
cust_syn_0117,acc_syn_training,0.7200,0.2800,46.09,0,49861.26,2770.07,27,25
cust_syn_0118,acc_syn_training,0.8333,0.1667,61.72,0,14806.15,2961.23,28,6
cust_syn_0119,acc_syn_training,0.8000,0.2000,53.78,0,26445.24,2203.77,15,15
cust_syn_0120,acc_syn_training,0.7778,0.2222,54.88,0,28014.07,4002.01,31,9
cust_syn_0121,acc_syn_training,0.6765,0.3235,56.43,0,12585.83,547.21,26,34
cust_syn_0122,acc_syn_training,0.7742,0.2258,22.94,0,82681.68,3445.07,12,31
cust_syn_0123,acc_syn_training,0.9412,0.0588,44.37,0,62967.68,3935.48,19,17
cust_syn_0124,acc_syn_training,0.4722,0.5278,60.32,0,44143.73,2596.69,4,36
cust_syn_0125,acc_syn_training,0.8276,0.1724,25.14,0,67842.48,2826.77,44,29
cust_syn_0126,acc_syn_training,0.8750,0.1250,58.56,0,20909.91,995.71,11,24
cust_syn_0127,acc_syn_training,0.8108,0.1892,55.97,0,62645.70,2088.19,27,37
cust_syn_0128,acc_syn_training,0.8125,0.1875,6.87,0,95998.50,3692.25,17,32
cust_syn_0129,acc_syn_training,0.5000,0.5000,29.34,0,35421.60,4427.70,10,16
cust_syn_0130,acc_syn_training,0.7838,0.2162,65.39,0,105364.54,3633.26,36,37
cust_syn_0131,acc_syn_training,0.5926,0.4074,46.21,0,6388.00,399.25,19,27
cust_syn_0132,acc_syn_training,0.5938,0.4063,9.67,0,66117.34,3479.86,35,32
cust_syn_0133,acc_syn_training,0.4000,0.6000,36.63,0,5051.76,1262.94,22,10
cust_syn_0134,acc_syn_training,0.6800,0.3200,52.11,0,73655.22,4332.66,41,25
cust_syn_0135,acc_syn_training,0.6000,0.4000,22.04,0,26489.46,4414.91,11,10
cust_syn_0136,acc_syn_training,0.3871,0.6129,25.40,0,5815.68,484.64,38,31
cust_syn_0137,acc_syn_training,0.7097,0.2903,18.07,0,55175.78,2507.99,35,31
cust_syn_0138,acc_syn_training,0.6923,0.3077,64.00,0,9958.68,1106.52,36,13
cust_syn_0139,acc_syn_training,0.8571,0.1429,5.60,0,3795.06,632.51,2,7
cust_syn_0140,acc_syn_training,0.8462,0.1538,32.49,0,108213.27,3279.19,15,39
cust_syn_0141,acc_syn_training,0.6000,0.4000,55.20,0,23338.44,3889.74,9,10
cust_syn_0142,acc_syn_training,0.8000,0.2000,10.16,0,34800.84,2900.07,31,15
cust_syn_0143,acc_syn_training,0.7308,0.2692,39.52,0,23892.69,1257.51,1,26
cust_syn_0144,acc_syn_training,0.3226,0.6774,34.93,0,24416.70,2441.67,41,31
cust_syn_0145,acc_syn_training,0.8750,0.1250,2.80,0,49269.92,3519.28,9,16
cust_syn_0146,acc_syn_training,0.6667,0.3333,36.26,0,65593.92,4099.62,34,24
cust_syn_0147,acc_syn_training,0.3182,0.6818,61.99,0,17421.53,2488.79,18,22
cust_syn_0148,acc_syn_training,0.8378,0.1622,40.60,0,79854.45,2575.95,22,37
cust_syn_0149,acc_syn_training,0.7600,0.2400,40.11,0,23150.36,1218.44,7,25
cust_syn_0150,acc_syn_training,0.6000,0.4000,43.87,0,2731.32,910.44,20,5
cust_syn_0151,acc_syn_training,0.7143,0.2857,52.32,0,22237.20,1111.86,8,28
cust_syn_0152,acc_syn_training,0.4000,0.6000,31.90,0,3283.60,328.36,28,25
cust_syn_0153,acc_syn_training,0.6154,0.3846,30.10,0,9602.08,1200.26,3,13
cust_syn_0154,acc_syn_training,0.3636,0.6364,65.27,0,17493.44,4373.36,43,11
cust_syn_0155,acc_syn_training,0.5455,0.4545,61.20,0,3412.92,568.82,23,11
cust_syn_0156,acc_syn_training,0.7143,0.2857,15.89,0,50551.80,3370.12,38,21
cust_syn_0157,acc_syn_training,0.6296,0.3704,24.79,0,10637.07,625.71,13,27
cust_syn_0158,acc_syn_training,0.7143,0.2857,8.79,0,15079.40,3015.88,39,7
cust_syn_0159,acc_syn_training,0.7241,0.2759,2.79,0,51827.37,2467.97,30,29
cust_syn_0160,acc_syn_training,0.8077,0.1923,42.94,0,52591.98,2504.38,0,26
cust_syn_0161,acc_syn_training,0.7778,0.2222,45.71,0,30669.03,1460.43,12,27
cust_syn_0162,acc_syn_training,0.8649,0.1351,70.43,0,73252.48,2289.14,21,37
cust_syn_0163,acc_syn_training,0.8000,0.2000,32.55,0,9577.28,2394.32,5,5
cust_syn_0164,acc_syn_training,0.3571,0.6429,13.46,0,15700.75,3140.15,30,14
cust_syn_0165,acc_syn_training,0.5000,0.5000,3.29,1,36678.51,4075.39,25,18
cust_syn_0166,acc_syn_training,0.6818,0.3182,12.14,1,25523.10,1701.54,23,22
cust_syn_0167,acc_syn_training,0.6364,0.3636,20.47,0,29696.10,1414.10,12,33
cust_syn_0168,acc_syn_training,0.9091,0.0909,36.55,0,41962.40,4196.24,23,11
cust_syn_0169,acc_syn_training,0.5946,0.4054,71.59,1,92384.16,4199.28,20,37
cust_syn_0170,acc_syn_training,0.3226,0.6774,3.54,0,20102.50,2010.25,20,31
cust_syn_0171,acc_syn_training,0.6667,0.3333,36.44,0,28355.74,2025.41,2,21
cust_syn_0172,acc_syn_training,0.8000,0.2000,38.14,0,6831.52,853.94,7,10
cust_syn_0173,acc_syn_training,0.7500,0.2500,37.13,0,33458.22,3717.58,13,12
cust_syn_0174,acc_syn_training,0.8571,0.1429,7.95,0,10970.88,914.24,44,14
cust_syn_0175,acc_syn_training,0.6774,0.3226,64.73,0,42392.49,2018.69,38,31
cust_syn_0176,acc_syn_training,0.6154,0.3846,10.26,0,31793.12,3974.14,14,13
cust_syn_0177,acc_syn_training,0.8108,0.1892,25.19,0,87436.50,2914.55,31,37
cust_syn_0178,acc_syn_training,0.5217,0.4783,71.05,0,38614.20,3217.85,20,23
cust_syn_0179,acc_syn_training,0.6000,0.4000,62.64,0,10370.76,3456.92,2,5
cust_syn_0180,acc_syn_training,0.3333,0.6667,63.99,0,1295.46,647.73,34,6
cust_syn_0181,acc_syn_training,0.7143,0.2857,52.66,0,2167.45,433.49,44,7
cust_syn_0182,acc_syn_training,0.9211,0.0789,6.13,1,156757.65,4478.79,17,38
cust_syn_0183,acc_syn_training,0.6000,0.4000,19.29,0,5891.73,1963.91,17,5
cust_syn_0184,acc_syn_training,0.5641,0.4359,62.58,1,69992.78,3181.49,16,39
cust_syn_0185,acc_syn_training,0.2917,0.7083,2.20,0,26607.00,3801.00,39,24
cust_syn_0186,acc_syn_training,0.6667,0.3333,4.20,0,15121.96,3780.49,21,6
cust_syn_0187,acc_syn_training,0.7500,0.2500,26.60,0,9289.74,1548.29,1,8
cust_syn_0188,acc_syn_training,0.3000,0.7000,71.08,0,10468.71,3489.57,2,10
cust_syn_0189,acc_syn_training,0.7500,0.2500,40.20,0,12664.08,1055.34,27,16
cust_syn_0190,acc_syn_training,0.6800,0.3200,70.18,0,53517.02,3148.06,18,25
cust_syn_0191,acc_syn_training,0.7273,0.2727,64.87,0,28020.96,3502.62,41,11
cust_syn_0192,acc_syn_training,0.6667,0.3333,42.51,0,86342.60,4317.13,29,30
cust_syn_0193,acc_syn_training,0.5263,0.4737,42.34,0,19681.70,1968.17,15,19
cust_syn_0194,acc_syn_training,0.8214,0.1786,49.05,0,91084.60,3960.20,4,28
cust_syn_0195,acc_syn_training,0.2778,0.7222,26.83,0,16620.55,3324.11,14,18
cust_syn_0196,acc_syn_training,0.3333,0.6667,55.73,0,3758.42,1879.21,36,6
cust_syn_0197,acc_syn_training,0.3600,0.6400,36.15,0,10349.10,1149.90,8,25
cust_syn_0198,acc_syn_training,0.5000,0.5000,30.51,0,6648.15,2216.05,5,6
cust_syn_0199,acc_syn_training,0.5385,0.4615,65.72,0,12700.80,1814.40,19,13
cust_syn_0200,acc_syn_training,0.8000,0.2000,56.37,1,21910.56,2738.82,16,10
cust_syn_0201,acc_syn_training,0.5000,0.5000,36.20,0,11994.64,1499.33,4,16
cust_syn_0202,acc_syn_training,0.2222,0.7778,37.44,0,20541.66,3423.61,27,27
cust_syn_0203,acc_syn_training,0.5625,0.4375,50.32,0,23104.08,2567.12,36,16
cust_syn_0204,acc_syn_training,0.3714,0.6286,55.39,0,25481.04,1960.08,40,35
cust_syn_0205,acc_syn_training,0.9063,0.0938,2.76,0,63543.93,2191.17,4,32
cust_syn_0206,acc_syn_training,0.7000,0.3000,14.62,0,16454.20,2350.60,38,10
cust_syn_0207,acc_syn_training,0.5000,0.5000,17.75,0,20472.72,1706.06,44,24
cust_syn_0208,acc_syn_training,0.7143,0.2857,54.84,0,16478.25,3295.65,25,7
cust_syn_0209,acc_syn_training,0.5333,0.4667,32.88,0,29673.12,3709.14,40,15
cust_syn_0210,acc_syn_training,0.5405,0.4595,64.50,0,73494.40,3674.72,3,37
cust_syn_0211,acc_syn_training,0.5000,0.5000,24.91,1,55887.00,3725.80,29,30
cust_syn_0212,acc_syn_training,0.8182,0.1818,27.76,0,115607.25,4281.75,39,33
cust_syn_0213,acc_syn_training,0.7692,0.2308,64.31,0,32656.20,3265.62,13,13
cust_syn_0214,acc_syn_training,0.3077,0.6923,1.37,0,17844.84,4461.21,25,13
cust_syn_0215,acc_syn_training,0.7826,0.2174,21.86,0,72807.30,4044.85,8,23
cust_syn_0216,acc_syn_training,0.7083,0.2917,55.18,0,16892.22,993.66,16,24
cust_syn_0217,acc_syn_training,0.7619,0.2381,62.68,0,63981.28,3998.83,22,21
cust_syn_0218,acc_syn_training,0.6207,0.3793,60.64,0,56163.78,3120.21,44,29
cust_syn_0219,acc_syn_training,0.5000,0.5000,7.89,0,5772.83,824.69,4,14
cust_syn_0220,acc_syn_training,0.7407,0.2593,71.17,1,67885.60,3394.28,38,27
cust_syn_0221,acc_syn_training,0.7143,0.2857,24.01,0,3779.25,755.85,25,7
cust_syn_0222,acc_syn_training,0.7667,0.2333,31.57,0,64080.07,2786.09,41,30
cust_syn_0223,acc_syn_training,0.8065,0.1935,32.76,0,84487.50,3379.50,24,31
cust_syn_0224,acc_syn_training,0.7619,0.2381,18.04,0,33800.16,2112.51,9,21
cust_syn_0225,acc_syn_training,0.7059,0.2941,47.75,0,41659.80,3471.65,43,17
cust_syn_0226,acc_syn_training,0.7500,0.2500,3.09,0,63082.80,4205.52,27,20
cust_syn_0227,acc_syn_training,0.7500,0.2500,39.80,0,25324.38,937.94,13,36
cust_syn_0228,acc_syn_training,0.6875,0.3125,71.05,0,31281.03,2843.73,3,16
cust_syn_0229,acc_syn_training,0.6667,0.3333,4.62,0,36087.48,3007.29,18,18
cust_syn_0230,acc_syn_training,0.6486,0.3514,51.18,0,9516.00,396.50,44,37
cust_syn_0231,acc_syn_training,0.7917,0.2083,40.76,0,52739.25,2775.75,32,24
cust_syn_0232,acc_syn_training,0.7714,0.2286,20.78,0,26101.98,966.74,18,35
cust_syn_0233,acc_syn_training,0.6667,0.3333,1.34,0,10077.72,1679.62,14,9
cust_syn_0234,acc_syn_training,0.6923,0.3077,13.61,0,24199.56,2688.84,21,13
cust_syn_0235,acc_syn_training,0.6364,0.3636,7.61,1,20004.74,2857.82,32,11
cust_syn_0236,acc_syn_training,0.6923,0.3077,40.76,0,46495.08,2583.06,21,26
cust_syn_0237,acc_syn_training,0.3939,0.6061,8.42,1,46036.64,3541.28,14,33
cust_syn_0238,acc_syn_training,0.7143,0.2857,17.28,0,8180.95,1636.19,17,7
cust_syn_0239,acc_syn_training,0.2941,0.7059,18.65,0,18035.50,3607.10,17,17
cust_syn_0240,acc_syn_training,0.5385,0.4615,54.09,0,15059.66,2151.38,43,13
cust_syn_0241,acc_syn_training,0.3636,0.6364,11.34,0,9424.08,2356.02,37,11
cust_syn_0242,acc_syn_training,0.5833,0.4167,32.56,0,23515.87,3359.41,0,12
cust_syn_0243,acc_syn_training,0.8696,0.1304,47.64,0,23866.00,1193.30,13,23
cust_syn_0244,acc_syn_training,0.7188,0.2813,33.78,0,100037.81,4349.47,2,32
cust_syn_0245,acc_syn_training,0.7143,0.2857,46.72,1,31230.80,3123.08,19,14
cust_syn_0246,acc_syn_training,0.7273,0.2727,20.01,0,11200.80,1400.10,7,11
cust_syn_0247,acc_syn_training,0.5946,0.4054,7.53,0,45405.36,2063.88,31,37
cust_syn_0248,acc_syn_training,0.5000,0.5000,59.63,0,1561.71,520.57,28,6
cust_syn_0249,acc_syn_training,0.8333,0.1667,4.57,0,8299.65,1659.93,35,6
cust_syn_0250,acc_syn_training,0.8108,0.1892,43.70,0,17271.30,575.71,44,37
cust_syn_0251,acc_syn_training,0.3929,0.6071,4.63,0,25728.23,2338.93,44,28
cust_syn_0252,acc_syn_training,0.7143,0.2857,40.18,0,9496.15,1899.23,4,7
cust_syn_0253,acc_syn_training,0.6250,0.3750,7.32,0,7738.95,515.93,28,24
cust_syn_0254,acc_syn_training,0.5294,0.4706,58.55,0,12739.86,1415.54,34,17
cust_syn_0255,acc_syn_training,0.8000,0.2000,12.24,0,29433.48,2452.79,0,15
cust_syn_0256,acc_syn_training,0.5556,0.4444,25.21,1,13069.65,2613.93,36,9
cust_syn_0257,acc_syn_training,0.6154,0.3846,3.57,0,24994.88,1562.18,0,26
cust_syn_0258,acc_syn_training,0.5714,0.4286,43.03,0,17314.60,4328.65,28,7
cust_syn_0259,acc_syn_training,0.4138,0.5862,14.14,0,17057.40,1421.45,37,29
cust_syn_0260,acc_syn_training,0.7778,0.2222,54.58,0,91491.96,4356.76,22,27
cust_syn_0261,acc_syn_training,0.7714,0.2286,67.49,0,14962.05,554.15,23,35
cust_syn_0262,acc_syn_training,0.6250,0.3750,57.80,0,48864.60,3257.64,27,24
cust_syn_0263,acc_syn_training,0.6667,0.3333,38.01,0,14467.36,1808.42,25,12
cust_syn_0264,acc_syn_training,0.2857,0.7143,55.83,0,27559.10,2755.91,17,35
cust_syn_0265,acc_syn_training,0.2500,0.7500,25.25,0,27761.31,3084.59,12,36
cust_syn_0266,acc_syn_training,0.5200,0.4800,12.17,0,50497.85,3884.45,22,25
cust_syn_0267,acc_syn_training,0.5333,0.4667,31.91,0,41330.56,2583.16,6,30
cust_syn_0268,acc_syn_training,0.5000,0.5000,5.42,0,21026.88,3003.84,37,14
cust_syn_0269,acc_syn_training,0.8000,0.2000,4.39,0,13110.40,819.40,21,20
cust_syn_0270,acc_syn_training,0.5333,0.4667,38.30,0,7242.48,905.31,3,15
cust_syn_0271,acc_syn_training,0.7714,0.2286,1.01,0,44478.18,1647.34,26,35
cust_syn_0272,acc_syn_training,0.6000,0.4000,49.97,0,56129.55,3741.97,25,25
cust_syn_0273,acc_syn_training,0.5926,0.4074,21.11,0,57689.92,3605.62,32,27
cust_syn_0274,acc_syn_training,0.6452,0.3548,31.41,1,51977.00,2598.85,37,31
cust_syn_0275,acc_syn_training,0.7500,0.2500,15.42,1,46870.05,3124.67,27,20
cust_syn_0276,acc_syn_training,0.8182,0.1818,30.10,0,69846.48,3880.36,25,22
cust_syn_0277,acc_syn_training,0.7778,0.2222,69.95,0,45582.46,3255.89,20,18
cust_syn_0278,acc_syn_training,0.5676,0.4324,31.41,0,50407.35,2400.35,4,37
cust_syn_0279,acc_syn_training,0.6757,0.3243,11.54,1,30506.50,1220.26,10,37
cust_syn_0280,acc_syn_training,0.6000,0.4000,62.25,0,34837.65,3870.85,24,15
cust_syn_0281,acc_syn_training,0.5000,0.5000,13.69,0,16742.04,2391.72,13,14
cust_syn_0282,acc_syn_training,0.6154,0.3846,28.17,0,38876.64,1619.86,36,39
cust_syn_0283,acc_syn_training,0.7368,0.2632,56.22,0,26731.60,1909.40,17,19
cust_syn_0284,acc_syn_training,0.6000,0.4000,21.01,0,19015.56,2112.84,5,15
cust_syn_0285,acc_syn_training,0.6000,0.4000,64.15,1,4925.79,1641.93,41,5
cust_syn_0286,acc_syn_training,0.5769,0.4231,40.59,0,46363.35,3090.89,39,26
cust_syn_0287,acc_syn_training,0.4167,0.5833,58.03,0,18720.20,3744.04,22,12
cust_syn_0288,acc_syn_training,0.5217,0.4783,21.76,0,46818.12,3901.51,9,23
cust_syn_0289,acc_syn_training,0.6111,0.3889,17.69,0,88716.32,4032.56,11,36
cust_syn_0290,acc_syn_training,0.7895,0.2105,23.53,0,59742.60,3982.84,25,19
cust_syn_0291,acc_syn_training,0.6667,0.3333,27.77,0,42972.20,4297.22,30,15
cust_syn_0292,acc_syn_training,0.3333,0.6667,17.95,0,8008.44,4004.22,25,6
cust_syn_0293,acc_syn_training,0.5897,0.4103,61.43,1,102742.15,4467.05,40,39
cust_syn_0294,acc_syn_training,0.5588,0.4412,69.27,0,69297.94,3647.26,11,34
cust_syn_0295,acc_syn_training,0.6667,0.3333,32.05,0,53282.08,3330.13,29,24
cust_syn_0296,acc_syn_training,0.7500,0.2500,37.07,0,5495.85,610.65,20,12
cust_syn_0297,acc_syn_training,0.5000,0.5000,4.68,0,3128.30,625.66,19,10
cust_syn_0298,acc_syn_training,0.5625,0.4375,50.87,0,42084.72,2338.04,3,32
cust_syn_0299,acc_syn_training,0.2424,0.7576,50.42,0,6348.00,793.50,0,33
cust_syn_0300,acc_syn_training,0.7500,0.2500,15.27,1,2845.98,316.22,14,12
cust_syn_0301,acc_syn_training,0.6364,0.3636,31.31,0,37062.34,2647.31,13,22
cust_syn_0302,acc_syn_training,0.5556,0.4444,19.86,0,25661.80,2566.18,14,18
cust_syn_0303,acc_syn_training,0.1515,0.8485,20.73,0,2098.75,419.75,16,33
cust_syn_0304,acc_syn_training,0.6429,0.3571,28.45,0,32555.88,1808.66,27,28
cust_syn_0305,acc_syn_training,0.5714,0.4286,40.81,0,34274.56,4284.32,0,14
cust_syn_0306,acc_syn_training,0.7143,0.2857,51.80,0,20289.90,2028.99,41,14
cust_syn_0307,acc_syn_training,0.3810,0.6190,37.91,0,24552.72,3069.09,37,21
cust_syn_0308,acc_syn_training,0.2432,0.7568,48.30,0,16569.54,1841.06,36,37
cust_syn_0309,acc_syn_training,0.7143,0.2857,47.72,0,36817.20,2454.48,34,21
cust_syn_0310,acc_syn_training,0.2500,0.7500,38.50,0,20586.15,4117.23,26,20
cust_syn_0311,acc_syn_training,0.6923,0.3077,43.99,0,9351.45,1039.05,37,13
cust_syn_0312,acc_syn_training,0.8182,0.1818,42.92,0,4886.91,542.99,44,11
cust_syn_0313,acc_syn_training,0.6667,0.3333,31.39,0,14198.16,2366.36,3,9
cust_syn_0314,acc_syn_training,0.6000,0.4000,6.74,0,18121.32,3020.22,19,10
cust_syn_0315,acc_syn_training,0.6667,0.3333,32.90,0,1240.16,310.04,32,6
cust_syn_0316,acc_syn_training,0.7500,0.2500,44.27,0,11240.52,936.71,11,16
cust_syn_0317,acc_syn_training,0.8205,0.1795,23.01,0,38150.72,1192.21,19,39
cust_syn_0318,acc_syn_training,0.6111,0.3889,9.37,0,56563.98,2571.09,17,36
cust_syn_0319,acc_syn_training,0.5926,0.4074,19.45,0,21666.24,1354.14,15,27
cust_syn_0320,acc_syn_training,0.2353,0.7647,57.71,0,7716.96,1929.24,43,17
cust_syn_0321,acc_syn_training,0.8000,0.2000,30.51,0,46071.60,1919.65,44,30
cust_syn_0322,acc_syn_training,0.7273,0.2727,39.12,0,12528.16,1566.02,41,11
cust_syn_0323,acc_syn_training,0.6667,0.3333,44.96,0,16236.30,1623.63,15,15
cust_syn_0324,acc_syn_training,0.5517,0.4483,37.58,1,66242.24,4140.14,14,29
cust_syn_0325,acc_syn_training,0.5769,0.4231,63.92,1,64379.10,4291.94,18,26
cust_syn_0326,acc_syn_training,0.3889,0.6111,36.91,1,16932.23,2418.89,0,18
cust_syn_0327,acc_syn_training,0.4444,0.5556,49.86,0,5338.56,1334.64,35,9
cust_syn_0328,acc_syn_training,0.7500,0.2500,15.33,0,32496.45,2166.43,23,20
cust_syn_0329,acc_syn_training,0.5556,0.4444,71.69,0,65078.40,4338.56,11,27
cust_syn_0330,acc_syn_training,0.4667,0.5333,66.19,0,16158.38,2308.34,36,15
cust_syn_0331,acc_syn_training,0.8148,0.1852,63.75,0,54039.70,2456.35,30,27
cust_syn_0332,acc_syn_training,0.7273,0.2727,14.98,0,17259.44,2157.43,31,11
cust_syn_0333,acc_syn_training,0.8462,0.1538,24.41,0,11245.85,1022.35,22,13
cust_syn_0334,acc_syn_training,0.5000,0.5000,5.30,0,17676.20,3535.24,7,10
cust_syn_0335,acc_syn_training,0.9091,0.0909,14.50,0,77631.60,3881.58,27,22
cust_syn_0336,acc_syn_training,0.6364,0.3636,69.08,1,30151.59,1435.79,39,33
cust_syn_0337,acc_syn_training,0.5000,0.5000,62.17,0,22836.80,2283.68,4,20
cust_syn_0338,acc_syn_training,0.9167,0.0833,11.67,0,44666.38,4060.58,40,12
cust_syn_0339,acc_syn_training,0.7179,0.2821,38.61,0,59935.40,2140.55,13,39
cust_syn_0340,acc_syn_training,0.1724,0.8276,37.71,0,14583.25,2916.65,35,29
cust_syn_0341,acc_syn_training,0.4615,0.5385,14.91,0,17272.80,2878.80,40,13
cust_syn_0342,acc_syn_training,0.7500,0.2500,1.80,0,9878.76,548.82,1,24
cust_syn_0343,acc_syn_training,0.8125,0.1875,5.39,1,98471.36,3787.36,31,32
cust_syn_0344,acc_syn_training,0.4444,0.5556,8.95,1,40979.88,3414.99,21,27
cust_syn_0345,acc_syn_training,0.5313,0.4688,64.58,1,56529.76,3325.28,10,32
cust_syn_0346,acc_syn_training,0.8000,0.2000,14.87,0,10893.96,2723.49,34,5
cust_syn_0347,acc_syn_training,0.7143,0.2857,20.03,0,34230.50,3423.05,34,14
cust_syn_0348,acc_syn_training,0.5714,0.4286,55.93,0,16108.08,1342.34,24,21
cust_syn_0349,acc_syn_training,0.5405,0.4595,17.44,0,20873.40,1043.67,12,37
cust_syn_0350,acc_syn_training,0.6667,0.3333,3.42,0,6130.36,1532.59,14,6
cust_syn_0351,acc_syn_training,0.5000,0.5000,47.72,1,21940.35,4388.07,14,10
cust_syn_0352,acc_syn_training,0.7391,0.2609,11.32,0,16887.80,993.40,7,23
cust_syn_0353,acc_syn_training,0.2941,0.7059,59.74,0,12646.80,2529.36,19,17
cust_syn_0354,acc_syn_training,0.5263,0.4737,38.03,1,50357.60,2517.88,38,38
cust_syn_0355,acc_syn_training,0.6667,0.3333,33.42,0,17470.72,2183.84,0,12
cust_syn_0356,acc_syn_training,0.3333,0.6667,21.97,0,2206.86,735.62,19,9
cust_syn_0357,acc_syn_training,0.4571,0.5429,17.26,0,53244.96,3327.81,44,35
cust_syn_0358,acc_syn_training,0.6667,0.3333,2.62,0,7309.44,456.84,44,24
cust_syn_0359,acc_syn_training,0.8571,0.1429,18.40,0,6166.32,256.93,6,28
cust_syn_0360,acc_syn_training,0.5484,0.4516,54.48,0,51977.16,3057.48,1,31
cust_syn_0361,acc_syn_training,0.7407,0.2593,5.89,0,11720.80,586.04,30,27
cust_syn_0362,acc_syn_training,0.5714,0.4286,36.02,0,20010.72,1250.67,32,28
cust_syn_0363,acc_syn_training,0.6667,0.3333,50.54,0,17772.04,4443.01,33,6
cust_syn_0364,acc_syn_training,0.6250,0.3750,10.23,0,14687.90,1468.79,24,16
cust_syn_0365,acc_syn_training,0.5417,0.4583,32.47,0,17892.42,1376.34,28,24
cust_syn_0366,acc_syn_training,0.6875,0.3125,3.29,0,24898.61,2263.51,12,16
cust_syn_0367,acc_syn_training,0.6667,0.3333,63.57,0,32337.76,2021.11,4,24
cust_syn_0368,acc_syn_training,0.7500,0.2500,63.06,0,10178.76,1696.46,12,8
cust_syn_0369,acc_syn_training,0.5714,0.4286,3.83,0,63475.20,3967.20,15,28
cust_syn_0370,acc_syn_training,0.3871,0.6129,48.30,0,23397.48,1949.79,18,31
cust_syn_0371,acc_syn_training,0.5000,0.5000,12.47,0,3087.00,617.40,3,10
cust_syn_0372,acc_syn_training,0.5294,0.4706,32.45,0,7934.67,881.63,24,17
cust_syn_0373,acc_syn_training,0.7097,0.2903,17.42,0,91158.32,4143.56,39,31
cust_syn_0374,acc_syn_training,0.9167,0.0833,3.10,0,18290.25,554.25,19,36
cust_syn_0375,acc_syn_training,0.6400,0.3600,5.16,0,32228.16,2014.26,41,25
cust_syn_0376,acc_syn_training,0.7568,0.2432,46.55,1,91420.00,3265.00,17,37
cust_syn_0377,acc_syn_training,0.6296,0.3704,42.35,0,76330.17,4490.01,17,27
cust_syn_0378,acc_syn_training,0.9474,0.0526,13.91,0,36762.48,1021.18,21,38
cust_syn_0379,acc_syn_training,0.7500,0.2500,41.90,0,58327.29,2777.49,8,28
cust_syn_0380,acc_syn_training,0.4783,0.5217,20.14,0,36155.35,3286.85,29,23
cust_syn_0381,acc_syn_training,0.7778,0.2222,24.25,0,44096.22,3149.73,30,18
cust_syn_0382,acc_syn_training,0.9394,0.0606,10.36,0,47467.51,1531.21,29,33
cust_syn_0383,acc_syn_training,0.8947,0.1053,20.43,0,49784.50,2928.50,36,19
cust_syn_0384,acc_syn_training,0.5909,0.4091,17.98,0,27196.39,2092.03,31,22
cust_syn_0385,acc_syn_training,0.7692,0.2308,61.98,0,28113.20,2811.32,5,13
cust_syn_0386,acc_syn_training,0.4118,0.5882,16.29,0,32114.04,2293.86,22,34
cust_syn_0387,acc_syn_training,0.7308,0.2692,15.99,0,14576.42,767.18,35,26
cust_syn_0388,acc_syn_training,0.5556,0.4444,20.22,0,4670.15,934.03,39,9
cust_syn_0389,acc_syn_training,0.3214,0.6786,11.49,0,11847.33,1316.37,35,28
cust_syn_0390,acc_syn_training,0.7059,0.2941,56.49,0,33354.24,2779.52,29,17
cust_syn_0391,acc_syn_training,0.5000,0.5000,35.27,0,12945.52,924.68,25,28
cust_syn_0392,acc_syn_training,0.3846,0.6154,42.12,0,19797.10,3959.42,18,13
cust_syn_0393,acc_syn_training,0.5714,0.4286,14.06,0,6657.68,1664.42,9,7
cust_syn_0394,acc_syn_training,0.8919,0.1081,44.49,0,57784.65,1751.05,9,37
cust_syn_0395,acc_syn_training,0.6957,0.3043,15.11,0,19976.32,1248.52,43,23
cust_syn_0396,acc_syn_training,0.5667,0.4333,45.90,1,49732.65,2925.45,27,30
cust_syn_0397,acc_syn_training,0.7813,0.2188,14.09,0,27305.75,1092.23,25,32
cust_syn_0398,acc_syn_training,0.7143,0.2857,30.65,0,30211.75,1208.47,25,35
cust_syn_0399,acc_syn_training,0.7742,0.2258,66.42,0,36809.28,1533.72,12,31
cust_syn_0400,acc_syn_training,0.7727,0.2273,35.39,0,20385.04,1199.12,6,22
cust_syn_0401,acc_syn_training,0.7500,0.2500,21.27,0,12115.98,2019.33,36,8
cust_syn_0402,acc_syn_training,0.4737,0.5263,21.56,0,23794.56,2643.84,1,19
cust_syn_0403,acc_syn_training,0.7429,0.2571,8.84,0,89747.32,3451.82,1,35
cust_syn_0404,acc_syn_training,0.6486,0.3514,31.92,0,10269.84,427.91,9,37
cust_syn_0405,acc_syn_training,0.4375,0.5625,60.76,0,5873.14,419.51,32,32
cust_syn_0406,acc_syn_training,0.5769,0.4231,6.79,0,45725.10,3048.34,21,26
cust_syn_0407,acc_syn_training,0.6296,0.3704,46.89,0,13328.51,784.03,13,27
cust_syn_0408,acc_syn_training,0.2333,0.7667,0.81,0,7465.43,1066.49,22,30
cust_syn_0409,acc_syn_training,0.5897,0.4103,44.00,0,93228.20,4053.40,9,39
cust_syn_0410,acc_syn_training,0.7500,0.2500,12.67,0,20615.07,981.67,20,28
cust_syn_0411,acc_syn_training,0.5294,0.4706,32.58,0,37095.21,4121.69,10,17
cust_syn_0412,acc_syn_training,0.5556,0.4444,0.82,0,8349.50,834.95,8,18
cust_syn_0413,acc_syn_training,0.5000,0.5000,10.42,0,8439.40,2109.85,43,8
cust_syn_0414,acc_syn_training,0.8667,0.1333,18.96,0,6683.17,514.09,36,15
cust_syn_0415,acc_syn_training,0.7000,0.3000,4.06,1,56196.98,4014.07,32,20
cust_syn_0416,acc_syn_training,0.2500,0.7500,51.96,0,10814.76,2703.69,8,16
cust_syn_0417,acc_syn_training,0.9167,0.0833,24.25,0,34216.82,1555.31,28,24
cust_syn_0418,acc_syn_training,0.8000,0.2000,52.41,0,45708.48,2856.78,15,20
cust_syn_0419,acc_syn_training,0.6000,0.4000,3.36,0,10298.22,1716.37,3,10
cust_syn_0420,acc_syn_training,0.5676,0.4324,31.80,0,87469.83,4165.23,15,37
cust_syn_0421,acc_syn_training,0.5200,0.4800,3.53,1,18561.40,1427.80,27,25
cust_syn_0422,acc_syn_training,0.6000,0.4000,47.04,1,63954.66,3045.46,40,35
cust_syn_0423,acc_syn_training,0.2000,0.8000,31.09,0,12027.36,4009.12,17,15
cust_syn_0424,acc_syn_training,0.6875,0.3125,15.97,0,72967.62,3316.71,37,32
cust_syn_0425,acc_syn_training,0.6667,0.3333,28.22,0,33626.16,4203.27,37,12
cust_syn_0426,acc_syn_training,0.4872,0.5128,10.98,0,35774.72,1882.88,24,39
cust_syn_0427,acc_syn_training,0.6111,0.3889,2.74,0,36751.66,3341.06,5,18
cust_syn_0428,acc_syn_training,0.6579,0.3421,66.84,0,93097.75,3723.91,27,38
cust_syn_0429,acc_syn_training,0.8000,0.2000,58.55,0,3644.28,911.07,7,5
cust_syn_0430,acc_syn_training,0.7273,0.2727,12.98,0,82245.60,3426.90,41,33
cust_syn_0431,acc_syn_training,0.6538,0.3462,57.42,0,8238.37,484.61,20,26
cust_syn_0432,acc_syn_training,0.6667,0.3333,41.48,0,12999.24,2166.54,44,9
cust_syn_0433,acc_syn_training,0.9032,0.0968,47.92,0,95760.28,3420.01,39,31
cust_syn_0434,acc_syn_training,0.5385,0.4615,45.26,0,5103.28,729.04,39,13
cust_syn_0435,acc_syn_training,0.4783,0.5217,13.09,0,7899.98,718.18,21,23
cust_syn_0436,acc_syn_training,0.8182,0.1818,68.75,0,9830.34,1092.26,36,11
cust_syn_0437,acc_syn_training,0.6667,0.3333,39.80,0,5089.40,254.47,0,30
cust_syn_0438,acc_syn_training,0.6400,0.3600,13.09,0,27815.68,1738.48,29,25
cust_syn_0439,acc_syn_training,0.7857,0.2143,47.85,0,46355.87,4214.17,39,14
cust_syn_0440,acc_syn_training,0.5000,0.5000,61.32,1,15630.70,3126.14,33,10
cust_syn_0441,acc_syn_training,0.7619,0.2381,57.07,0,45732.48,2858.28,12,21
cust_syn_0442,acc_syn_training,0.6400,0.3600,65.59,0,65015.36,4063.46,24,25
cust_syn_0443,acc_syn_training,0.8000,0.2000,31.99,0,46644.64,2915.29,3,20
cust_syn_0444,acc_syn_training,0.8824,0.1176,4.72,0,105513.00,3517.10,13,34
cust_syn_0445,acc_syn_training,0.8462,0.1538,57.48,0,29056.39,2641.49,28,13
cust_syn_0446,acc_syn_training,0.4688,0.5313,26.27,0,41411.85,2760.79,12,32
cust_syn_0447,acc_syn_training,0.5526,0.4474,18.89,1,23986.62,1142.22,26,38
cust_syn_0448,acc_syn_training,0.7778,0.2222,54.44,0,75789.28,2706.76,16,36
cust_syn_0449,acc_syn_training,0.8529,0.1471,8.05,0,117193.93,4041.17,10,34
cust_syn_0450,acc_syn_training,0.3913,0.6087,54.74,0,4670.64,518.96,24,23
cust_syn_0451,acc_syn_training,0.5000,0.5000,59.58,0,2770.44,692.61,10,8
cust_syn_0452,acc_syn_training,0.4872,0.5128,65.30,0,30794.82,1620.78,13,39
cust_syn_0453,acc_syn_training,0.6000,0.4000,46.28,0,11209.20,1868.20,38,10
cust_syn_0454,acc_syn_training,0.5313,0.4688,54.33,1,59136.37,3478.61,3,32
cust_syn_0455,acc_syn_training,0.8750,0.1250,57.79,0,24417.82,1744.13,7,16
cust_syn_0456,acc_syn_training,0.2000,0.8000,33.75,0,31331.86,4475.98,38,35
cust_syn_0457,acc_syn_training,0.3913,0.6087,45.22,0,6617.52,735.28,29,23
cust_syn_0458,acc_syn_training,0.6957,0.3043,59.87,0,51957.92,3247.37,2,23
cust_syn_0459,acc_syn_training,0.6875,0.3125,50.26,0,19146.82,1740.62,13,16
cust_syn_0460,acc_syn_training,0.2353,0.7647,24.30,0,12144.72,1518.09,29,34
cust_syn_0461,acc_syn_training,0.6154,0.3846,64.08,0,42583.68,2661.48,31,26
cust_syn_0462,acc_syn_training,0.6757,0.3243,37.23,0,68024.50,2720.98,24,37
cust_syn_0463,acc_syn_training,0.8378,0.1622,46.05,0,24653.06,795.26,25,37
cust_syn_0464,acc_syn_training,0.3333,0.6667,56.64,1,5999.35,1199.87,43,15
cust_syn_0465,acc_syn_training,0.4706,0.5294,56.07,0,30809.92,3851.24,13,17
cust_syn_0466,acc_syn_training,0.8889,0.1111,45.08,0,23604.56,2950.57,13,9
cust_syn_0467,acc_syn_training,0.7097,0.2903,33.80,0,86733.02,3942.41,31,31
cust_syn_0468,acc_syn_training,0.8000,0.2000,22.62,0,5212.24,1303.06,11,5
cust_syn_0469,acc_syn_training,0.6250,0.3750,19.39,0,18592.45,3718.49,7,8
cust_syn_0470,acc_syn_training,0.5000,0.5000,5.88,0,7712.16,2570.72,30,6
cust_syn_0471,acc_syn_training,0.8667,0.1333,28.07,0,37552.71,2888.67,17,15
cust_syn_0472,acc_syn_training,0.5000,0.5000,59.66,0,7625.19,2541.73,15,6
cust_syn_0473,acc_syn_training,0.7692,0.2308,27.40,0,82175.40,4108.77,34,26
cust_syn_0474,acc_syn_training,0.6000,0.4000,61.57,0,45530.10,3035.34,35,25
cust_syn_0475,acc_syn_training,0.6250,0.3750,70.50,1,17056.80,3411.36,23,8
cust_syn_0476,acc_syn_training,0.5278,0.4722,9.40,0,41570.86,2187.94,0,36
cust_syn_0477,acc_syn_training,0.5676,0.4324,28.26,1,94202.43,4485.83,37,37
cust_syn_0478,acc_syn_training,0.7778,0.2222,41.29,0,11483.08,820.22,36,18
cust_syn_0479,acc_syn_training,0.7500,0.2500,66.18,0,8864.40,1477.40,3,8
cust_syn_0480,acc_syn_training,0.6667,0.3333,41.45,0,1562.00,390.50,3,6
cust_syn_0481,acc_syn_training,0.5405,0.4595,27.28,0,56592.60,2829.63,19,37
cust_syn_0482,acc_syn_training,0.7143,0.2857,9.74,0,22070.20,4414.04,16,7
cust_syn_0483,acc_syn_training,0.5135,0.4865,4.50,1,74449.41,3918.39,22,37
cust_syn_0484,acc_syn_training,0.7059,0.2941,52.35,0,35700.72,2975.06,11,17
cust_syn_0485,acc_syn_training,0.7857,0.2143,23.83,0,33145.09,3013.19,33,14
cust_syn_0486,acc_syn_training,0.5405,0.4595,40.67,0,63593.60,3179.68,15,37
cust_syn_0487,acc_syn_training,0.8182,0.1818,30.93,0,17251.83,1916.87,10,11
cust_syn_0488,acc_syn_training,0.4872,0.5128,51.94,0,63538.85,3344.15,11,39
cust_syn_0489,acc_syn_training,0.4828,0.5172,71.27,1,12348.56,882.04,2,29
cust_syn_0490,acc_syn_training,0.8182,0.1818,43.31,0,33722.10,1873.45,11,22
cust_syn_0491,acc_syn_training,0.8571,0.1429,35.22,0,28997.16,2416.43,6,14
cust_syn_0492,acc_syn_training,0.8667,0.1333,60.43,0,40195.61,3091.97,25,15
cust_syn_0493,acc_syn_training,0.5526,0.4474,15.14,0,39043.41,1859.21,20,38
cust_syn_0494,acc_syn_training,0.7500,0.2500,50.87,0,7212.30,480.82,20,20
cust_syn_0495,acc_syn_training,0.5294,0.4706,15.53,0,3603.69,400.41,29,17
cust_syn_0496,acc_syn_training,0.7778,0.2222,64.19,0,35104.65,1671.65,32,27
cust_syn_0497,acc_syn_training,0.6667,0.3333,37.79,0,26850.96,1118.79,27,36
cust_syn_0498,acc_syn_training,0.6000,0.4000,49.97,1,5393.70,898.95,22,10
cust_syn_0499,acc_syn_training,0.7143,0.2857,41.90,0,5166.10,1033.22,11,7
cust_syn_0500,acc_syn_training,0.9474,0.0526,65.25,0,71286.84,3960.38,39,19
